t-statistic,p-value
-0.20828469734479796,0.8409373707433228
