t-statistic,p-value
2.4119578322380844,0.039123215848252915
