t-statistic,p-value
4.3186417694587345,0.0004659065350373969
