t-statistic,p-value
3.6384313051821553,0.0020321080552894574
