t-statistic,p-value
4.644488759615972,0.00026990401125767086
