t-statistic,p-value
4.967053114317381,0.00011740525289684273
