t-statistic,p-value
0.5673537764767438,0.5843459156497437
