t-statistic,p-value
1.6340625269753561,0.14626249827478086
