t-statistic,p-value
2.8903876050443413,0.010167537831319127
