t-statistic,p-value
4.120010411963284,0.0012070555851193098
