t-statistic,p-value
1.709426971853071,0.10556115692262896
