t-statistic,p-value
1.1341624428689043,0.2734338652946415
