Spider,t-statistic,p-value
Sp1,-1.0581167605861632,0.32514381906508816
Sp2,2.222868476633801,0.061615878848824905
Sp7,0.7987018012161788,0.4507075175997345
Sp11,-0.3734440273967494,0.7198708710373507
Sp15,3.1462946267685195,0.016235828831444435
Sp18,-0.8855510297328192,0.4052510400553254
Sp19,0.3068730556035968,0.7678674423004239
Sp21,-0.1318689069100367,0.8987982647678798
Sp23,0.2200151765529897,0.8321380273622495
