t-statistic,p-value
2.1285576162411446,0.049177413216235824
