t-statistic,p-value
5.0307299988574155,0.00012300948709915966
