t-statistic,p-value
3.851603160101893,0.0017619693163769168
