t-statistic,p-value
5.626552598055683,8.248191970839577e-05
