t-statistic,p-value
4.659289684823803,0.00044693621174003224
