t-statistic,p-value
4.027877001299552,0.0009732962337103653
