t-statistic,p-value
0.21684887534493133,0.8309071529894926
