t-statistic,p-value
1.9271323763388655,0.09532385633562349
