t-statistic,p-value
-4.449155523919872,0.0006556358580101924
