t-statistic,p-value
1.5739541936471302,0.14994973757131114
