t-statistic,p-value
2.083233763741113,0.07572274254515388
