t-statistic,p-value
1.83326452003624,0.09997592413052829
