t-statistic,p-value
-0.2082298624929048,0.8382764041078496
