t-statistic,p-value
0.9263467963077493,0.3711441925532385
