t-statistic,p-value
1.7863553285298668,0.0957087458725517
