t-statistic,p-value
1.2116936297228675,0.24220344424677615
