t-statistic,p-value
4.340402028259766,0.0004446059820596742
