t-statistic,p-value
5.49827014631061,3.9175055327193975e-05
