t-statistic,p-value
6.010471130871497,1.815931209091989e-05
