t-statistic,p-value
4.170813050600179,0.0006407515175732264
