t-statistic,p-value
2.6656939629857144,0.019422908142319104
