t-statistic,p-value
3.618857943792084,0.0027920505542385413
